<?xml version="1.0" encoding="UTF-8"?>
<beans xmlns="http://www.springframework.org/schema/beans"
       xmlns:xsi="http://www.w3.org/2001/XMLSchema-instance"
       xmlns:aop="http://www.springframework.org/schema/aop"
       xmlns:context="http://www.springframework.org/schema/context" xmlns:tx="http://www.springframework.org/schema/tx"
       xsi:schemaLocation="http://www.springframework.org/schema/beans
        http://www.springframework.org/schema/beans/spring-beans.xsd
        http://www.springframework.org/schema/aop
        http://www.springframework.org/schema/aop/spring-aop.xsd
        http://www.springframework.org/schema/context
        http://www.springframework.org/schema/context/spring-context.xsd http://www.springframework.org/schema/tx http://www.springframework.org/schema/tx/spring-tx.xsd">

    <!--连接数据库，获取数据源-->
        <bean id="ds" class="org.springframework.jdbc.datasource.DriverManagerDataSource">
            <property name="driverClassName" value="com.mysql.jdbc.Driver"></property>
            <property name="url" value="jdbc:mysql://localhost:3306/carrental"></property>
            <property name="username" value="root"></property>
            <property name="password" value="123456"></property>
        </bean>

    <!--配置SqlSession工厂-->
    <bean id="factory" class="org.mybatis.spring.SqlSessionFactoryBean">
        <property name="dataSource" ref="ds"></property>
        <property name="typeAliasesPackage" value="com.bjsxt.pojo"></property>

        <!--配置分页插件-->

        <property name="plugins">
            <array>
                <bean id="pg" class="com.github.pagehelper.PageHelper">
                    <property name="properties">
                        <!--配置分页的参数-->
                        <props>
                            <!--指定数据库分页的方言-->
                            <prop key="dialect">mysql</prop>

                            <!--如果每一页显示的size=0的时候不在进行分页-->
                            <prop key="pageSizeZero">true</prop>

                            <!--进行合理化分页-->
                            <prop key="reasonable">true</prop>

                        </props>
                    </property>
                </bean>
            </array>
        </property>
    </bean>

    <!--扫描mapper-->
    <bean id="mapper" class="org.mybatis.spring.mapper.MapperScannerConfigurer">
        <property name="sqlSessionFactoryBeanName" value="factory"></property>
        <property name="basePackage" value="com.bjsxt.mapper"></property>
    </bean>


</beans>